resourceKey,origin,moduleCode,resourceType,name,description,previewDescription,repeatPlayHint
care-scene:care-scene-1,care-scene,emotional,care_scene,好朋友的玩具坏了,识别同伴失去爱物时的伤感，理解意外破损带来的沮丧，通过语言安慰或协助修理表达关怀，练习社交共情能力。,,
care-scene:care-scene-10,care-scene,emotional,care_scene,朋友回答错问题被笑话,识别同伴在公共场合受挫时的羞愧感，理解嘲笑带来的社交压力，通过言语维护或私下安慰缓解对方的难堪。,,
care-scene:care-scene-11,care-scene,emotional,care_scene,同学忘带午餐饿肚子,识别同伴生理匮乏时的困窘，理解漏带物品的焦虑，通过分享食物或寻求老师帮助展示同情心与利他分享行为。,,
care-scene:care-scene-12,care-scene,emotional,care_scene,弟弟的气球爆炸了,识别幼童面对突发声响的惊吓与失去玩具的哭闹，通过拥抱、转移注意力或补偿新玩具，练习对弱小的保护欲。,,
care-scene:care-scene-13,care-scene,emotional,care_scene,好朋友上台前紧张发抖,识别他人面对评价时的焦虑与恐惧，理解生理应激反应，通过握手、深呼吸引导或肯定性话语帮助同伴缓解压力。,,
care-scene:care-scene-14,care-scene,emotional,care_scene,同学的美术作业被恶意破坏,识别劳动成果受损后的愤怒与委屈，理解遭遇不公的情感落差，通过共同声讨或协助重画表达坚定的情感支持。,,
care-scene:care-scene-15,care-scene,emotional,care_scene,走廊里书本撒了一地,识别同伴在混乱突发状况下的手足无措，理解求助的心理需求，通过主动弯腰捡拾与整理书本展现协作与善意。,,
care-scene:care-scene-16,care-scene,emotional,care_scene,上课不小心叫老师“妈妈”,识别因口误引发的极度尴尬与羞怯情绪，理解社交失误带来的压力，通过不嘲笑、自然转移话题来保护他人尊严。,,
care-scene:care-scene-17,care-scene,emotional,care_scene,同学的仓鼠生病了,识别同伴对宠物生病的担忧与无助感，理解人与动物的情感连接，通过言语祈祷或分享养护知识表达情感慰藉。,,
care-scene:care-scene-18,care-scene,emotional,care_scene,害怕去医务室涂药,识别对疼痛或医疗环境的抗拒与胆怯，理解负面预期的心理压力，通过陪伴就医或描述勇敢行为来给予心理支撑。,,
care-scene:care-scene-19,care-scene,emotional,care_scene,借给别人的书被撕破了,识别同伴因失误产生的内疚与不安，理解物品损坏后的复杂心情，通过宽容表态或商讨修补方案，练习情绪克制。,,
care-scene:care-scene-2,care-scene,emotional,care_scene,同学跑步摔倒了,识别他人意外受伤后的疼痛与惊恐，理解身体不适带来的负面情绪，通过搀扶或寻找医护人员展现救助与体恤心。,,
care-scene:care-scene-20,care-scene,emotional,care_scene,没被邀请去生日派对,识别同伴被排挤或忽视后的落寞感，理解社交缺失带来的自我怀疑，通过主动陪伴或组织小活动来温暖对方心灵。,,
care-scene:care-scene-21,care-scene,emotional,care_scene,好朋友要转学离开了,识别面对重要关系断裂时的离别忧伤，理解长期陪伴的珍贵性，通过交换礼物或深情告别表达对友谊的珍视与关怀。,,
care-scene:care-scene-22,care-scene,emotional,care_scene,同桌被老师冤枉作弊,识别他人遭遇不实指控时的愤懑与孤立感，理解公正受损的痛苦，通过信任表态或寻找证词表达正义的情感声援。,,
care-scene:care-scene-23,care-scene,emotional,care_scene,教室突然停电一片漆黑,识别环境突变带来的集体恐慌与不安全感，理解视觉丧失的焦虑，通过言语安抚或紧握同伴的手共同克服恐惧感。,,
care-scene:care-scene-24,care-scene,emotional,care_scene,安静时肚子发出咕噜叫声,识别生理本能引发的局促与难为情，理解他人对目光的敏感，通过装作没听见或幽默化解来缓解对方的社交压力。,,
care-scene:care-scene-25,care-scene,emotional,care_scene,辛苦种的小番茄枯死了,识别他人付出努力后希望落空的悲伤，理解对生命凋零的感触，通过共同分析原因或鼓励重新播种表达精神支持。,,
care-scene:care-scene-26,care-scene,emotional,care_scene,画的画被同学嘲笑难看,识别创作自尊受损后的沮丧与自卑，理解言语攻击的伤害，通过发现画中优点并给予真诚夸奖，重建同伴自信心。,,
care-scene:care-scene-27,care-scene,emotional,care_scene,妹妹晚上怕黑不敢睡觉,识别幼小心灵对未知的恐惧，理解黑暗环境引发的焦虑，通过讲故事、陪伴或开小夜灯，展现作为兄长的责任感。,,
care-scene:care-scene-28,care-scene,emotional,care_scene,在食堂不小心打翻了餐盘,识别公共场合失误带来的狼狈与不安，理解被关注带来的压力，通过递纸巾、协助清理或打饭表达及时的援助。,,
care-scene:care-scene-29,care-scene,emotional,care_scene,好朋友在街上被父母大声训斥,识别同伴在他人面前自尊受挫的难堪，理解家庭冲突带来的恐惧，通过事后宽慰或假装没看见保护其社交尊严。,,
care-scene:care-scene-3,care-scene,emotional,care_scene,妈妈下班回家很累,识别长辈高强度工作后的疲惫感，理解成人世界的辛劳压力，通过主动倒水、按摩或保持安静表达体贴与孝顺心。,,
care-scene:care-scene-30,care-scene,emotional,care_scene,接力赛掉棒导致班级输了,识别同伴因失误产生的深度自责与内疚，理解集体荣誉受损后的压力，通过“不怪你”等言语给予宽恕与情感包容。,,
care-scene:care-scene-31,care-scene,emotional,care_scene,同学在教室里突然呕吐,识别同伴生病时的虚弱与难堪，克服对污物的本能回避，通过递纸巾、倒热水或告知老师展现高水平的关爱能力。,,
care-scene:care-scene-32,care-scene,emotional,care_scene,想加入游戏被拒绝,识别同伴面对社交排斥时的失落与孤立感，理解渴望融入的心理需求，通过主动发出邀请或协调角色分担关怀。,,
care-scene:care-scene-33,care-scene,emotional,care_scene,玩桌游输了气得掀桌子,识别同伴因好胜心受挫引发的情绪失控，理解挫折耐受力不足，通过冷静安抚或提议休息来引导对方平复心情。,,
care-scene:care-scene-34,care-scene,emotional,care_scene,不小心打碎了老师的花盆,识别因犯错带来的恐惧与惶恐情绪，理解对权威评价的担忧，通过共同承担责任或商讨认错方案给予同伴支持。,,
care-scene:care-scene-35,care-scene,emotional,care_scene,唱歌时严重破音被笑话,识别才艺表现失败后的尴尬与委屈，理解社交评价带来的打击，通过真诚鼓励或分享类似失败经验来缓解其压力。,,
care-scene:care-scene-36,care-scene,emotional,care_scene,心爱的游戏存档被不小心删了,识别他人虚拟努力付诸东流后的崩溃感，理解爱好的重要性，通过倾听其抱怨或协助重新通关表达深刻的理解。,,
care-scene:care-scene-37,care-scene,emotional,care_scene,在操场被高年级同学围观出丑,识别由于体能或技能不足带来的自卑感，理解弱势地位的局促，通过挺身而出或带离现场展现朋友间的义气关怀。,,
care-scene:care-scene-38,care-scene,emotional,care_scene,秋游时在人群中走散,识别迷路时的极度惊慌与无助感，理解脱离集体的恐惧，通过紧紧陪伴、言语安抚并积极寻求大人帮助稳定情绪。,,
care-scene:care-scene-39,care-scene,emotional,care_scene,被同伴诬陷弄坏了道具,识别被冤枉时的愤怒与心寒情绪，理解同伴背叛的心理创伤，通过坚定的信任与协助搜证，维护友谊中的公平感。,,
care-scene:care-scene-4,care-scene,emotional,care_scene,好朋友比赛输了,识别同伴付出努力后失败的挫败感，理解渴望获胜的心理预期，通过拍肩膀、递水或肯定其表现展现情感支持。,,
care-scene:care-scene-40,care-scene,emotional,care_scene,父母早上吵了很凶的架,识别家庭冲突给孩子带来的焦虑与不安全感，理解同伴内心的不安，通过倾听或提议游戏转移其悲伤情绪。,,
care-scene:care-scene-41,care-scene,emotional,care_scene,爸爸辛苦做的饭烧焦了,识别长辈付出未获成功的尴尬与懊恼，理解爱心劳动的价值，通过称赞其他菜肴或幽默化解，表达对家人的关爱。,,
care-scene:care-scene-42,care-scene,emotional,care_scene,好朋友来家里玩打碎了杯子,识别客人因失礼产生的局促与不安，理解社交礼仪中的紧张感，通过“没关系”等宽慰语迅速化解尴尬气氛。,,
care-scene:care-scene-43,care-scene,emotional,care_scene,妹妹半夜做噩梦吓哭了,识别幼童潜意识恐惧引发的惊恐，理解梦境与现实的模糊，通过温柔拍抚、开灯与陪伴睡觉提供极大的安全感。,,
care-scene:care-scene-44,care-scene,emotional,care_scene,哥哥的房间被亲戚小孩弄乱,识别私人空间受侵犯后的恼火与无奈，理解物权意识，通过协助整理或共同制定规则表达对家人的理解支持。,,
care-scene:care-scene-45,care-scene,emotional,care_scene,周末去游乐园因为暴雨取消,识别同伴满怀期待落空后的沮丧情绪，理解不可抗力的影响，通过提议有趣的室内替代计划来抚平对方的失落感。,,
care-scene:care-scene-46,care-scene,emotional,care_scene,爷爷忘记买答应好的零食,识别长辈记忆衰退带来的小疏忽，理解对方自责的心情，通过主动表示不介意或分享其他食物表达对老人的敬爱。,,
care-scene:care-scene-47,care-scene,emotional,care_scene,妈妈切菜时不小心切到手,识别家人身体受伤时的疼痛，理解意外带来的家庭紧张感，通过寻找创可贴、递送纸巾表达对长辈的体贴关怀。,,
care-scene:care-scene-48,care-scene,emotional,care_scene,爸爸工作文件丢失大发脾气,识别长辈遭遇职业压力后的崩溃情绪，理解脾气背后的挫败感，通过保持安静、递杯温水或避开冲突表达关爱。,,
care-scene:care-scene-49,care-scene,emotional,care_scene,表弟在家族聚餐时打翻果汁,识别年幼孩子在长辈面前犯错的羞愧感，理解笨拙动作后的心理压力，通过主动递纸巾并协助清理化解社交危机。,,
care-scene:care-scene-5,care-scene,emotional,care_scene,同学忘带了重要的作业,识别他人因疏忽产生的慌乱与焦虑，理解对惩罚的畏惧心理，通过言语安抚或协助向老师说明情况展现社交援护。,,
care-scene:care-scene-50,care-scene,emotional,care_scene,好朋友留宿时想家哭了,识别同伴在陌生环境中产生的分离焦虑，理解对安全感的渴求，通过分享心爱玩具或言语陪伴缓解其思乡之情。,,
care-scene:care-scene-51,care-scene,emotional,care_scene,奶奶弄丢了最珍贵的项链,识别长辈失去充满回忆之物时的悲恸，理解老人对旧物的珍视，通过长时间的耐心陪同寻找表达对长辈的情感关怀。,,
care-scene:care-scene-52,care-scene,emotional,care_scene,牙齿上沾了很大一片菜叶,识别他人形象受损可能带来的潜在尴尬，理解隐私提醒的艺术，通过私下小声告知或手势暗示表达体贴的关心。,,
care-scene:care-scene-53,care-scene,emotional,care_scene,手工作品被小狗咬坏了,识别同伴创意心血被意外摧毁的崩溃感，理解对无心之过的无奈，通过共同修补或安慰来减轻对方的情感伤害。,,
care-scene:care-scene-54,care-scene,emotional,care_scene,同桌极度害怕桌子上的大虫子,识别他人面对特定恐惧源时的生理性惊慌，理解个体差异，通过勇敢地赶走虫子或拉开同伴来提供实际的安全保护。,,
care-scene:care-scene-55,care-scene,emotional,care_scene,落选了期待已久的校队,识别同伴遭遇竞争失败后的失落与自卑，理解对自我能力的怀疑，通过肯定其闪光点并鼓励再次尝试来注入信心。,,
care-scene:care-scene-56,care-scene,emotional,care_scene,爸爸在公园不小心滑倒出丑,识别长辈在公共场合失态后的窘迫与痛楚，理解成年人自尊心的维护，通过上前搀扶而非嘲笑展示子女的成长。,,
care-scene:care-scene-57,care-scene,emotional,care_scene,接水时被别人恶意插队,识别同伴遭受不公正待遇时的愤怒与无助，理解社会秩序被破坏的焦虑，通过仗义执言或共同排队表达情感支持。,,
care-scene:care-scene-58,care-scene,emotional,care_scene,走玻璃栈道吓得不敢动,识别同伴面对恐高心理时的极度焦虑，理解生理上的僵直反应，通过牵手陪伴或肯定鼓励帮助对方逐步克服恐惧。,,
care-scene:care-scene-59,care-scene,emotional,care_scene,妈妈生病发高烧躺在床上,识别家人身体虚弱带来的不适，理解生病时的心理依赖，通过覆盖毛巾、端送温水等照顾行为展示家庭成员的关爱。,,
care-scene:care-scene-6,care-scene,emotional,care_scene,同桌不小心把水洒在裤子上,识别同伴因形象受损产生的狼狈感，理解被注视的压力，通过递送干纸巾、遮挡视线等方式维护同伴的体面与尊严。,,
care-scene:care-scene-60,care-scene,emotional,care_scene,同桌穿了不同颜色的两只袜子,识别他人可能因粗心造成的社交漏洞，理解尴尬的预设，通过私下友善提醒或以幽默方式化解对方的窘迫情绪。,,
care-scene:care-scene-7,care-scene,emotional,care_scene,好朋友搭的积木被推倒了,识别他人努力成果瞬间消失的惊愕与伤心，理解劳动价值被否定的痛苦，通过协助重建积木展示持之以恒的支持。,,
care-scene:care-scene-8,care-scene,emotional,care_scene,妹妹害怕打雷闪电,识别幼童面对自然现象的本能恐惧，理解感官过载的压力，通过捂住耳朵、紧紧拥抱并科学解释来消解其内心不安。,,
care-scene:care-scene-9,care-scene,emotional,care_scene,同学弄丢了心爱的钢笔,识别他人因丢失心爱之物产生的懊悔与忧伤，理解物品的情感价值，通过协助寻找或借出文具表达对同伴的体恤。,,
emotion-scene:scene-1,emotion-scene,emotional,emotion_scene,幼儿园绘本角安静看书,识别阅读场景中的平静情绪，理解专注且放松的身体面部线索，学习在无干扰环境中维持自身的情绪平稳。,,
emotion-scene:scene-10,emotion-scene,emotional,emotion_scene,全家人围在一起包饺子,识别家庭互动场景中的开心情绪，理解陪伴、合作与归属感带来的温馨快乐，培养家庭情感连结与亲社会互动意愿。,,
emotion-scene:scene-11,emotion-scene,emotional,emotion_scene,游乐场坐碰碰车相撞,识别游乐场景中的开心/兴奋情绪，理解安全边界内的感官刺激带来的快乐，帮助儿童区分“安全刺激的开心”与“失控危险的恐惧”。,,
emotion-scene:scene-12,emotion-scene,emotional,emotion_scene,班级合唱比赛拿了奖状,识别集体获奖场景中的开心情绪，理解个体努力与团队荣誉带来的集体自豪感，训练在群体情境中共享喜悦及培养同理心。,,
emotion-scene:scene-13,emotion-scene,emotional,emotion_scene,和朋友骑共享单车春游,识别户外休闲运动场景中的开心情绪，理解课业压力释放后的释然之乐，学习建立健康有效的自我情绪调节与解压机制。,,
emotion-scene:scene-14,emotion-scene,emotional,emotion_scene,冰淇淋掉在地上,识别心爱物品损坏时的难过情绪，完成“失去/损坏-难过”的基础因果推理，学习使用语言表达失落而非出现行为崩溃。,,
emotion-scene:scene-15,emotion-scene,emotional,emotion_scene,气球飞上天抓不到,识别物品丧失带来的难过情绪，理解不可逆转的失去带来的直接悲伤，训练面对突发失落时如何寻求大人的情感安抚。,,
emotion-scene:scene-16,emotion-scene,emotional,emotion_scene,商场里找不到妈妈,识别分离焦虑引发的难过情绪，理解依恋对象缺失带来的痛苦与不安全感，学习在陌生环境中正确的求助路径（如找穿制服的保安）。,,
emotion-scene:scene-17,emotion-scene,emotional,emotion_scene,没被选上升旗手,识别期待落空时的难过情绪，理解“落选但需维持规则”的校园情境，训练面对挫折时的自我心理调适与负面情绪接纳。,,
emotion-scene:scene-18,emotion-scene,emotional,emotion_scene,宠物小金鱼漂在水面,识别面对生命丧失的深度悲伤情绪，理解死亡及永久消失的概念，进行初步的生命教育与哀伤辅导应对训练。,,
emotion-scene:scene-19,emotion-scene,emotional,emotion_scene,和好朋友吵架背对背,识别同伴冲突引发的难过情绪，理解物理距离背后的心理失落与友谊破裂感，学习冲突后的情绪冷却以及后续的关系修复策略。,,
emotion-scene:scene-2,emotion-scene,emotional,emotion_scene,在沙坑里安静挖沙子,识别独自玩耍场景中的平静情绪，理解无表现压力、无外界评价的纯粹玩耍过程，训练独立活动时的心境稳定性。,,
emotion-scene:scene-20,emotion-scene,emotional,emotion_scene,桌上放着不及格的成绩单,识别学业受挫引发的难过情绪，理解努力无效带来的自我怀疑与挫败感，训练抗挫折心理弹性和受挫后的自我宽慰能力。,,
emotion-scene:scene-21,emotion-scene,emotional,emotion_scene,篮球赛输了坐在场边,识别竞技失败后的难过情绪，理解群体狂欢与个体落寞的强烈反差，学习面对团队失利时的合理情绪宣泄途径与心理重建。,,
emotion-scene:scene-22,emotion-scene,emotional,emotion_scene,搭好的积木被同伴一把推倒,识别个人劳动成果被破坏时的生气情绪，完成因果推理，重点训练使用“停止”手势或语言抗议等非暴力方式表达愤怒。,,
emotion-scene:scene-23,emotion-scene,emotional,emotion_scene,手里的玩具汽车被强行拽走,识别物权被侵犯时的生气情绪，理解物品被强夺引发的愤怒冲动，学习在冲突正在进行时向老师或家长求助以和平维权。,,
emotion-scene:scene-24,emotion-scene,emotional,emotion_scene,正在看动画片电视被拔电源,识别自身需求被外界强行阻断时的生气情绪，理解规则执行与自身意愿的冲突，训练儿童的延迟满足能力与接受规则约束。,,
emotion-scene:scene-25,emotion-scene,emotional,emotion_scene,刚写完的作业本被泼了脏水,识别心血遭到破坏时的强烈生气情绪，理解对方过失造成的实质损失，学习控制攻击冲动并掌握要求道歉或索赔的合理社交维权方式。,,
emotion-scene:scene-26,emotion-scene,emotional,emotion_scene,食堂打饭被同学强行插队,识别公平规则被打破时的生气情绪，理解社交秩序中的“不公”引发的愤怒，训练在校园公共场景中如何用果断的言辞维护规则。,,
emotion-scene:scene-27,emotion-scene,emotional,emotion_scene,借给同学的新橡皮被掰成两半,识别私人物品遭毁坏时的生气情绪，理解信任被辜负与物权受损的愤怒，学习界定同伴交往的底线并做出恰当的边界回应。,,
emotion-scene:scene-28,emotion-scene,emotional,emotion_scene,回座位发现书包被人翻得乱七八糟,识别个人隐私遭到严重侵犯时的生气情绪，理解校园恶作剧或霸凌苗头引发的极度愤怒，训练坚守底线、寻求权威介入的自我保护机制。,,
emotion-scene:scene-29,emotion-scene,emotional,emotion_scene,辛辛苦苦画的黑板报被乱涂乱画,识别集体心血遭恶意破坏的生气情绪，理解深层恶意引发的爆发性愤怒，训练在高压突发事件下的情绪克制与理性处理流程。,,
emotion-scene:scene-3,emotion-scene,emotional,emotion_scene,排队在水槽洗手,识别排队等待场景中的平静情绪，理解遵守社会规则（排队）时的中性状态，训练延迟满足与常规等待期的情绪自控能力。,,
emotion-scene:scene-30,emotion-scene,emotional,emotion_scene,窗外闪电打雷劈下,识别对恶劣自然环境的害怕情绪，理解声光突变带来的感官本能恐惧，学习捂耳、寻找庇护所等自我感觉调节与安抚策略。,,
emotion-scene:scene-31,emotion-scene,emotional,emotion_scene,被没拴绳的大狗冲着叫,识别突发物理威胁引发的害怕情绪，理解动物攻击倾向导致的恐惧本能，训练遇到危险动物时的安全避险行为（如不跑、遮挡、呼救）。,,
emotion-scene:scene-32,emotion-scene,emotional,emotion_scene,在医院看到护士拿着大针管,识别医疗场景中的害怕情绪，理解对未知疼痛和器械的恐惧心理，学习医疗场景下的脱敏配合技巧以及如何寻求照料者的情感支持。,,
emotion-scene:scene-33,emotion-scene,emotional,emotion_scene,独自走漆黑的楼梯间,识别黑暗或未知环境引发的害怕情绪，理解缺乏视觉安全感导致的联想恐惧，训练环境适应力及深呼吸等自我壮胆技巧。,,
emotion-scene:scene-34,emotion-scene,emotional,emotion_scene,看恐怖片吓得躲在被子里,识别媒体画面刺激引发的害怕情绪，理解虚构内容引发的感官恐慌，学习区分“虚幻媒体”与“真实危险”，并掌握主动回避恐惧源的自我保护。,,
emotion-scene:scene-35,emotion-scene,emotional,emotion_scene,走夜路发现身后有黑影跟着,识别真实潜在威胁带来的极度害怕情绪，理解尾随引发的安全恐慌，重点训练危机识别能力与快速逃离、报警等实操求生技能。,,
emotion-scene:scene-36,emotion-scene,emotional,emotion_scene,站在校长办公室门口被点名,识别即将面临权威惩罚的敬畏与害怕情绪，理解打破规则后的心理负担，学习正视错误、缓解灾难化联想带来的过度焦虑。,,
emotion-scene:scene-37,emotion-scene,emotional,emotion_scene,在幼儿园午睡醒来尿裤子了,识别低龄段当众出糗时的尴尬情绪，理解身体失控遭遇围观带来的羞耻感，学习消除羞耻定势并敢于向老师求助处理生理意外。,,
emotion-scene:scene-38,emotion-scene,emotional,emotion_scene,衣服穿反了领口标签露在外面,识别外观小失误被指出时的尴尬情绪，理解他人关注引发的轻微窘迫，学习用迅速纠正行为或自我解嘲来化解社交不适。,,
emotion-scene:scene-39,emotion-scene,emotional,emotion_scene,上课读错拼音被全班哄笑,识别课堂表现失误引发的尴尬情绪，理解被群体嘲笑时的羞怯与无地自容，训练抗嘲笑的心理建设与自我接纳能力。,,
emotion-scene:scene-4,emotion-scene,emotional,emotion_scene,教室里安静写田字格本,识别学习场景中的平静情绪，理解无外界奖惩刺激下的自主专注力，训练在日常课业中保持情绪平稳不起伏。,,
emotion-scene:scene-40,emotion-scene,emotional,emotion_scene,食堂吃饭不小心筷子掉地上,识别破坏公共空间安静引发围观的尴尬情绪，理解小意外打断社交常态带来的局促感，学习从容应对意外并独立完成善后清理动作。,,
emotion-scene:scene-41,emotion-scene,emotional,emotion_scene,跑操时鞋子飞出去被围观,识别集体活动中引发强烈反差出糗的极度尴尬情绪，理解成为突发负面焦点的心理压力，训练高压尴尬情境下的情绪脱困与心理韧性。,,
emotion-scene:scene-42,emotion-scene,emotional,emotion_scene,演讲台上麦克风坏了发不出声音,识别重大公众表现受阻时的尴尬情绪，理解失去环境掌控感带来的恐慌与窘迫，学习公众危机公关意识与从容救场或求助策略。,,
emotion-scene:scene-43,emotion-scene,emotional,emotion_scene,认错人从背后拍了陌生人的肩膀,识别社交误认导致的尴尬情绪，理解打破陌生人边界后的社交局促，训练快速自然地表达歉意并礼貌退出尴尬情境的社交技能。,,
emotion-scene:scene-44,emotion-scene,emotional,emotion_scene,被过年走亲戚的阿姨夸奖可爱,识别获得长辈正向关注时的害羞情绪，理解喜悦伴随轻微退缩的复合心理表现，学习如何大方地接受赞美并进行基本礼貌互动。,,
emotion-scene:scene-45,emotion-scene,emotional,emotion_scene,第一天戴上红领巾被全班注视,识别初次获得荣誉成为焦点时的害羞情绪，理解自我意识萌发时的腼腆心态，鼓励特需儿童接纳来自群体的善意注视。,,
emotion-scene:scene-46,emotion-scene,emotional,emotion_scene,老师当众朗读自己的优秀作文,识别同伴面前受到公开表扬的害羞情绪，理解内心自豪与外表含蓄的内敛表达方式，培养恰当的同伴互动与自我肯定感。,,
emotion-scene:scene-47,emotion-scene,emotional,emotion_scene,收到同学亲手折的千纸鹤礼物,识别社交关系中收到同伴正向反馈的害羞情绪，理解同伴交往中的真诚善意，训练面对他人示好时的眼神接触与真诚道谢能力。,,
emotion-scene:scene-48,emotion-scene,emotional,emotion_scene,被全班同学围着唱生日快乐歌,识别高强度正向情感包围下的害羞情绪，理解成为集体唯一焦点时的局促与快乐交织，训练在群体祝福中安然自处并给予合宜回馈。,,
emotion-scene:scene-49,emotion-scene,emotional,emotion_scene,上台领取“三好学生”奖状,识别正式场合受到权威肯定时的腼腆与害羞情绪，理解不过度张扬的内敛喜悦，学习在公开仪式上保持得体大方的社交仪态。,,
emotion-scene:scene-5,emotion-scene,emotional,emotion_scene,图书馆戴耳机安静自习,识别公共环境中的高级平静状态，理解自我边界与专注力的维持，学习在复杂或有轻微干扰的环境中保持内在平和。,,
emotion-scene:scene-50,emotion-scene,emotional,emotion_scene,手里的玩具被一把抢走,识别个人物品受侵犯时的愤怒情绪，理解物权意识受损引发的冲突，训练儿童在面对社交冲突时使用言语抗议而非肢体还击。,,
emotion-scene:scene-51,emotion-scene,emotional,emotion_scene,辛苦画的画掉进了水坑里,识别努力成果被破坏后的伤心情绪，理解不可控意外带来的心理落差，训练儿童学习接纳遗憾，培养寻找安慰与重新开始的心理韧性。,,
emotion-scene:scene-52,emotion-scene,emotional,emotion_scene,突然冲出来狂吠的大狗,识别面对突发潜在威胁时的恐惧情绪，理解生理应激反应与安全边界意识，训练儿童在惊吓中保持冷静并寻求成年人庇护的自我保护能力。,,
emotion-scene:scene-53,emotion-scene,emotional,emotion_scene,在平地上突然绊倒被围观,识别在公共场合失误带来的尴尬情绪，理解他人目光与自尊心之间的敏感关联，训练儿童通过自我解嘲或关注任务本身来化解社交压力。,,
emotion-scene:scene-54,emotion-scene,emotional,emotion_scene,被不认识的亲戚热情夸奖,识别面对陌生社交关注时的害羞情绪，理解礼貌性社交场景中的正向反馈，训练儿童在不熟悉的人际交往中保持得体回应与适度社交距离。,,
emotion-scene:scene-55,emotion-scene,emotional,emotion_scene,大扫除被公开表扬负责任,识别因劳动付出获得集体认可时的自豪情绪，理解“责任心”这一抽象概念在行为上的具体表现，强化儿童对集体义务的内在归属感与积极性。,,
emotion-scene:scene-56,emotion-scene,emotional,emotion_scene,看牙医害怕机器的声音,识别特定医疗环境下的焦虑与恐惧情绪，理解感官刺激（听觉）引发的压力反应，训练儿童利用预见性心理准备与深呼吸等策略配合医疗指令。,,
emotion-scene:scene-57,emotion-scene,emotional,emotion_scene,自己学会了用筷子夹起花生米,识别掌握新生活技能时的自豪情绪，理解独立解决问题带来的自我成就感，鼓励特需儿童建立日常生活自理的自我效能感。,,
emotion-scene:scene-58,emotion-scene,emotional,emotion_scene,额头正中间被老师贴了“小红星”,识别获得外部明确表彰时的自豪情绪，理解遵守社会规则或表现良好带来的正向反馈，训练儿童将外部奖励转化为内在的积极行为动机。,,
emotion-scene:scene-59,emotion-scene,emotional,emotion_scene,戴上了班级“值日生”的红袖标,识别承担集体责任时的自豪情绪，理解被集体信任与赋权带来的社会荣誉感，培养儿童为集体服务的意识与同伴正向领导力。,,
emotion-scene:scene-6,emotion-scene,emotional,emotion_scene,吃着巨大的冰糖葫芦,识别品尝喜爱食物时的开心情绪，完成“获得美食-开心”的基础因果推理，训练对即时感官满足的正向情感表达。,,
emotion-scene:scene-60,emotion-scene,emotional,emotion_scene,独立拼好了一个极其复杂的乐高长城模型,识别完成长周期任务后的自豪情绪，理解长期专注力与意志力付出后取得成果的极致成就感，训练延迟满足与坚持到底的品格。,,
emotion-scene:scene-61,emotion-scene,emotional,emotion_scene,试卷上写着鲜红的“100分”,识别学业表现优异时的自豪情绪，理解努力付出与获得高评价的直接因果联系，学习合理分享喜悦，避免在同伴中表现出过度炫耀。,,
emotion-scene:scene-62,emotion-scene,emotional,emotion_scene,胸前挂着校运动会的金牌,识别竞技体育夺魁后的极致自豪情绪，理解公平竞争下脱颖而出的极高荣誉感，体验坚持拼搏精神所带来的强烈情感回报。,,
emotion-scene:scene-63,emotion-scene,emotional,emotion_scene,手里拿着红色的“录取通知书”,识别达成重大人生目标后的自豪情绪，理解长期坚持的系统性努力最终兑现时的深层骄傲，帮助确立长远的人生奋斗价值观与内在底气。,,
emotion-scene:scene-64,emotion-scene,emotional,emotion_scene,日记本被别人偷看,识别隐私边界受侵犯时的愤怒情绪，理解个人空间的重要性，训练儿童学习建立心理边界并用适当言辞表达对他人的行为约束。,,
emotion-scene:scene-65,emotion-scene,emotional,emotion_scene,最喜欢的冰淇淋掉地上了,识别突发失去喜好物时的难过情绪，理解不可抗力导致的得失，训练儿童在面对小挫折时的情绪平复能力与寻求替代方案的逻辑。,,
emotion-scene:scene-66,emotion-scene,emotional,emotion_scene,独立拼好了一千块的拼图,识别攻克高难度任务后的成就感，理解长期专注与耐心投入的价值，强化儿童在面对复杂挑战时的自我效能感与意志品质。,,
emotion-scene:scene-67,emotion-scene,emotional,emotion_scene,热情挥手发现对方在和别人打招呼,识别社交误判带来的尴尬情绪，理解社交场景中的多向互动关系，训练儿童通过调侃或自然转移注意力来化解社交冷场的心理韧性。,,
emotion-scene:scene-68,emotion-scene,emotional,emotion_scene,躲在妈妈身后不敢打招呼,识别面对社交压力时的羞怯情绪，理解陌生环境带来的感官防御，训练儿童尝试从观察者过渡到参与者，建立安全感基础上的适度社交尝试。,,
emotion-scene:scene-69,emotion-scene,emotional,emotion_scene,收到梦寐以求的小狗礼物,识别愿望达成时的快乐情绪，理解获得心愿礼物的正向奖赏，引导儿童将喜悦转化为对他人的感激，并初步建立对生命的责任意识。,,
emotion-scene:scene-7,emotion-scene,emotional,emotion_scene,小区草坪玩吹泡泡机,识别户外自由玩耍场景中的开心情绪，理解无竞争环境下的纯粹快乐，鼓励特需儿童体验并用表情和肢体动作分享积极情绪。,,
emotion-scene:scene-70,emotion-scene,emotional,emotion_scene,排队玩滑梯被强行插队,识别遭遇不公平对待时的愤怒情绪，理解社会秩序规则的公正性，训练儿童在冲突现场使用正确的社交语言维护个人权利。,,
emotion-scene:scene-71,emotion-scene,emotional,emotion_scene,安静的考场上肚子大声咕噜叫,识别因生理反应在正式场合引发的尬尴情绪，理解身体信号与环境氛围的冲突，训练儿童接纳正常的生理现象，降低对他人的过度敏感度。,,
emotion-scene:scene-72,emotion-scene,emotional,emotion_scene,好朋友转学离开了,识别面对重要社会关系断裂时的忧伤情绪，理解人际关系的变动性，训练儿童学习健康的告别方式，并尝试通过新媒介维持长远情感联系。,,
emotion-scene:scene-73,emotion-scene,emotional,emotion_scene,第一次学会骑两轮自行车,识别掌握复杂大肌肉动作技能后的自豪情绪，理解克服恐惧与平衡失败后的成功体验，强化儿童对自我身体控制力的自信。,,
emotion-scene:scene-74,emotion-scene,emotional,emotion_scene,收到同学亲手做的新年贺卡,识别获得同伴关注与认可时的开心情绪，理解人际交往中情感互惠的意义，训练儿童学习感知他人的善意并做出礼貌的反馈行为。,,
emotion-scene:scene-75,emotion-scene,emotional,emotion_scene,在沙滩上安静地堆沙堡,识别沉浸于创造性活动时的心流与平静情绪，理解自我驱动型游戏的心理治愈力，训练儿童在独立活动中获得情感调节与内心满足。,,
emotion-scene:scene-76,emotion-scene,emotional,emotion_scene,最喜欢的贴纸书被人撕坏,识别心爱之物被损毁时的愤怒情绪，理解物品价值与情感链接受损的关联，训练儿童通过合法途径寻求补偿或学会寻求成年人调解冲突。,,
emotion-scene:scene-77,emotion-scene,emotional,emotion_scene,走错班级被全班同学盯着看,识别成为焦点时的突发尴尬情绪，理解行为失误与他人注视间的社交压力，训练儿童快速修正错误并保持镇定的应变能力。,,
emotion-scene:scene-78,emotion-scene,emotional,emotion_scene,课桌上突然出现一只大蜘蛛,识别对特定昆虫或突发状况的恐惧情绪，理解生理本能的防御反应，训练儿童在应激状态下评估真实危险程度并学会寻求成年人帮助。,,
emotion-scene:scene-79,emotion-scene,emotional,emotion_scene,期待的秋游因为暴雨取消了,识别预期落空后的失落情绪，理解客观因素对计划的影响，训练儿童的认知灵活性，学习接受计划变更并尝试室内替代活动。,,
emotion-scene:scene-8,emotion-scene,emotional,emotion_scene,过年收到长辈的红压岁钱,识别节日社交场景中的开心情绪，理解“获得礼物/长辈关爱-开心”的因果关系，学习在开心状态下做出正确的社交回应（如微笑、道谢）。,,
emotion-scene:scene-80,emotion-scene,emotional,emotion_scene,足球比赛踢进了制胜的一球,,识别在集体竞技中获得关键成功时的自豪情绪，理解个人努力对团队目标的决定性贡献，体验自我价值的实现并学习与同伴共享高光时刻。,,
emotion-scene:scene-9,emotion-scene,emotional,emotion_scene,和同学打乒乓球赢了球,识别体育比赛获胜场景中的开心情绪，理解努力获得胜利的成就感，学习合理表达赢球后的快乐并兼顾同伴感受的体育礼仪。,,
emotional-game:G01_BALLOON,emotional-game,emotional,game,深呼吸热气球,通过按住吸气、松开呼气的温和互动，帮助孩子练习平稳呼吸与自我安抚。,按住主按钮慢慢吸气，松开时轻轻呼气，帮助热气球平稳升空，练习柔和呼吸与自我安抚。,每次进入都会轮换天空主题、任务目标和云层节奏，可根据孩子当下状态反复练习。
emotional-game:G03_FOREST,emotional-game,emotional,game,音量魔法森林,对着麦克风用日常对话的音量说话，唤醒森林里的萤火虫和小动物，练习柔和的声音调节。,先和森林一起安静 2 秒，再用平时说话的声音对小熊说一句“你好”，之后把音量稳定在日常对话区间，唤醒萤火虫和小动物。,每次会轮换小动物组合、森林地形和灯泡颜色，让孩子在反复练习中慢慢找到“魔法声音”。
emotional-game:G04_WIPE_ICE,emotional-game,emotional,game,擦亮坏心情,用大范围、连续的手势擦掉冰霜，让底部的阳光笑脸慢慢亮起来，帮助孩子把坏心情释放出去。,用整只手臂带着手指快速擦掉冰霜，让藏在下面的阳光笑脸一点点露出来。简单模式很快就会融化，中等模式停太久会慢慢结冰，困难模式要把厚厚的冰霜反复擦亮三次。,每次会轮换底部笑脸细节、冰霜裂纹和光点节奏，让孩子在不同状态下反复做大动作释放，慢慢把坏心情擦干净。
emotional-game:G07_MONSTER,emotional-game,emotional,game,喂食情绪小怪兽,把合适的安抚工具拖给不同情绪颜色的小怪兽，帮助孩子练习情绪匹配、照顾他人与问题解决。,把水杯、拥抱、耳罩等安抚工具拖给对应情绪颜色的小怪兽。简单模式只有 1 只怪兽和 2 个工具，中等模式会同时出现 2 只怪兽和更多干扰项，困难模式里工具还会放在缓慢移动的传送带上。,每次会轮换怪兽组合、工具顺序和 L3 传送带节奏，让孩子在反复练习中慢慢学会“谁现在需要什么安抚工具”。
physical-equipment:emotional-regulation-box01-seq001,physical-equipment,emotional,equipment,表情解码套装,像玩连连看一样配对表情蛋，教孩子认清喜怒哀乐。让脸盲的孩子快速记住别人的表情含义。,,
physical-equipment:emotional-regulation-box01-seq002,physical-equipment,emotional,equipment,社交表情建构组,用积木拼出五官的位置，让小小孩明白眼睛眉毛怎么动才是开心。教孩子读懂别人的脸部信号。,,
physical-equipment:emotional-regulation-box01-seq003,physical-equipment,emotional,equipment,感官情绪建构组,拼搭更复杂的表情积木，观察眉毛翘起是生气还是惊讶。教孩子看懂脸上细微的情绪变化。,,
physical-equipment:emotional-regulation-box02-seq004,physical-equipment,emotional,equipment,心感解码套卡,看图猜猜画里的人心里在想什么。专门训练孩子学会换位思考，搞懂别人没说出口的小情绪。,,
physical-equipment:emotional-regulation-box02-seq005,physical-equipment,emotional,equipment,情绪行为引导套卡,把心情像红绿灯一样分级。让孩子看着卡片就知道自己现在多生气，该停下来深呼吸冷静了。,,
physical-equipment:emotional-regulation-box02-seq006,physical-equipment,emotional,equipment,表情镜像干预组,照着镜子做鬼脸，看看自己生气时脸是什么样。帮孩子控制面部肌肉，学会管理自己的表情。,,
physical-equipment:emotional-regulation-box03-seq007,physical-equipment,emotional,equipment,口型发音训练镜,插卡录音，一边看口型一边听声音。帮不爱说话的孩子把图画和声音对上号，诱导开口表达。,,
physical-equipment:emotional-regulation-box03-seq008,physical-equipment,emotional,equipment,情绪分层引导盒,害羞不敢说话就让手偶替你说。躲在盒子后面表演，让社恐的孩子卸下防备，大胆表达心声。,,
physical-equipment:emotional-regulation-box04-seq009,physical-equipment,emotional,equipment,AI情绪管理仪,它是能听懂情绪的机器人，帮孩子分析说话语气对不对。把看不见的声音变成能看懂的分数。,,
physical-equipment:emotional-regulation-box05-seq010,physical-equipment,emotional,equipment,情绪解码互动桌游,把乱糟糟的心情按颜色分类装进瓶子。通过游戏帮孩子理清情绪，明白自己到底在发什么火。,,
physical-equipment:emotional-regulation-box06-seq011,physical-equipment,emotional,equipment,情绪管理桌游,喂小怪兽吃东西来学情绪词汇。好玩的喂食动作能抓住孩子的注意力，让枯燥的学习变有趣。,,
physical-equipment:emotional-regulation-box07-seq012,physical-equipment,emotional,equipment,共情解码沟通桌游,玩游戏换个角度看问题，猜猜对方为什么那样做。专门治孩子以自我为中心，减少人际冲突。,,
physical-equipment:emotional-regulation-box08-seq013,physical-equipment,emotional,equipment,百变造型桌游,像贴画一样拼出现在的表情。让说不清楚话的孩子用拼图告诉老师：我现在很难过或很开心。,,
physical-equipment:emotional-regulation-box09-seq014,physical-equipment,emotional,equipment,故事手偶,套上手偶演一出戏，把刚才发生的冲突重演一遍。教孩子理清前因后果，学会把事情说清楚。,,
physical-equipment:emotional-regulation-box10-seq015,physical-equipment,emotional,equipment,可视化沟通板套装,按下按钮就能说话，帮孩子表达“我要喝水”或“我不开心”。从一个词开始慢慢学会造句。,,
physical-equipment:emotional-regulation-box11-seq016,physical-equipment,emotional,equipment,振动感官安抚拥抱枕,抱紧它就会震动，这种因果反馈特别吸引孩子。既能做安抚玩具，又能当做表现好的小奖励。,,
physical-equipment:emotional-regulation-box12-seq017,physical-equipment,emotional,equipment,重力安抚器,沉甸甸的小熊抱在怀里，就像妈妈的拥抱。孩子哭闹或者睡不着时抱着它，很快就安心了。,,
physical-equipment:emotional-regulation-box13-seq018,physical-equipment,emotional,equipment,加权安抚感知组,比普通玩偶重很多的狐狸，压在腿上特别踏实。受惊吓或者感官超载时，它是最好的陪伴。,,
physical-equipment:emotional-regulation-box14-seq019,physical-equipment,emotional,equipment,节律安抚玩偶,软萌兔子带灯光还会唱歌，抱着它非常有安全感。温柔的节奏能帮焦虑的孩子慢慢放松入睡。,,
physical-equipment:emotional-regulation-box15-seq020,physical-equipment,emotional,equipment,触觉情绪调节组,捏一捏带刺或光滑的小球，手感各不相同。心烦意乱时使劲捏它，通过触觉刺激转移坏情绪。,,
physical-equipment:emotional-regulation-box16-seq021,physical-equipment,emotional,equipment,多维情绪调节组,这个球很难拼，逼着孩子必须动脑子思考。大脑一运转逻辑，发脾气的“情绪脑”就自动熄火。,,
physical-equipment:emotional-regulation-box17-seq022,physical-equipment,emotional,equipment,触感解压组,摸起来像玉石一样温润，把它们排排队。这种简单的重复动作，能让焦虑的孩子立刻静下心。,,
physical-equipment:emotional-regulation-box18-seq023,physical-equipment,emotional,equipment,多模态视觉安抚组,满屋子都是柔和的海浪光影，像海底世界一样安静。专门用来安抚感官超载、即将崩溃的孩子。,,
physical-equipment:emotional-regulation-box18-seq024,physical-equipment,emotional,equipment,八音盒,拧紧发条听听清脆的音乐，机械声很有规律。这种简单的重复声音，是听觉敏感孩子的避风港。,,
physical-equipment:emotional-regulation-box19-seq025,physical-equipment,emotional,equipment,多模态色彩感知组,小星星握在手里发着光，走到哪亮到哪。给怕黑的孩子一种掌控感，视觉聚焦让他们不再乱跑。,,
physical-equipment:emotional-regulation-box19-seq026,physical-equipment,emotional,equipment,七彩渐变感知组,捧着变色的月亮灯，光线柔和不刺眼。在黑暗的感官室里，它是引导孩子视线移动的安全光点。,,
physical-equipment:emotional-regulation-box20-seq027,physical-equipment,emotional,equipment,情绪解压组-吐泡企鹅,只要使劲捏，企鹅嘴里就吐泡泡。把想打人的手劲用在捏玩具上，看着滑稽的泡泡就气消了。,,
physical-equipment:emotional-regulation-box20-seq027-a,physical-equipment,emotional,equipment,情绪解压组-瞪眼小龙,一捏它眼睛就爆出来，样子特别逗。专门给愤怒的孩子发泄用，用力捏它比破坏东西好得多。,,
physical-equipment:emotional-regulation-box20-seq027-b,physical-equipment,emotional,equipment,情绪解压组-吐舌青蛙,捏一下舌头吐出来，松手又缩回去。简单的互动反馈，能让紧张的孩子在玩耍中不知不觉放松。,,
physical-equipment:emotional-regulation-box20-seq027-c,physical-equipment,emotional,equipment,情绪解压组-惨叫鸡,捏它会发出惨叫声，听着很解压。允许孩子用它大声发泄情绪，或者帮害怕声音的孩子练胆量。,,
physical-equipment:emotional-regulation-box20-seq027-d,physical-equipment,emotional,equipment,情绪解压组-发光兔子,捏它就会发光，在暗处玩特别漂亮。适合躲在角落里玩，通过挤压和看光，自己把情绪调好。,,
physical-equipment:emotional-regulation-box21-seq028,physical-equipment,emotional,equipment,可流动情绪释放组,踩上去地板里的彩色液体会跑，像踩水坑一样。吸引低头族孩子动起来，跑跑跳跳释放压力。,,
physical-equipment:emotional-regulation-box21-seq029,physical-equipment,emotional,equipment,行为疏导支持教具,把软胶条塞进洞里再抠出来，手感特别好。上课手闲不住时玩这个，能代替咬手或抠桌子的坏毛病。,,
physical-equipment:emotional-regulation-box22-seq030,physical-equipment,emotional,equipment,敲击式情绪宣泄板,既能敲琴又能打地鼠，想怎么敲就怎么敲。让孩子在叮叮当当的声音里，把浑身的劲儿都发泄掉。,,
physical-equipment:emotional-regulation-box23-seq031,physical-equipment,emotional,equipment,呐喊消音教具,对着壶口拼命尖叫，声音会被“吃掉”变很小。想崩溃尖叫时用它，既发泄了又不会吓到别人。,,
physical-equipment:emotional-regulation-box23-seq032,physical-equipment,emotional,equipment,发声解压垫,坐上去会发出放屁的声音，孩子们都会笑。用这种恶作剧的小幽默，瞬间打破紧张僵硬的气氛。,,
physical-equipment:emotional-regulation-box24-seq033,physical-equipment,emotional,equipment,多感协同情绪稳定组,翻翻书上的毛毡农场，粘粘贴贴一点声音都没有。让好动的孩子在课堂上安静地忙活手里的事。,,
physical-equipment:emotional-regulation-box25-seq034,physical-equipment,emotional,equipment,绘画套装-迷你绘画本,巴掌大的小本子，想画什么随手就画。心情不好又说不出来时，涂鸦是最好的情绪出口。,,
physical-equipment:emotional-regulation-box25-seq034-a,physical-equipment,emotional,equipment,绘画套装-信笔涂鸦本,大本子画起来更过瘾，随便涂抹不设限。让孩子在画画中安静下来，享受一段艺术疗愈时光。,,
physical-equipment:emotional-regulation-box26-seq035,physical-equipment,emotional,equipment,翻转情绪调节组,这个方块可以无限翻转，怎么翻都顺手。焦虑想做刻板动作时，玩这个能代替甩手或晃身体。,,
physical-equipment:emotional-regulation-box27-seq036,physical-equipment,emotional,equipment,趣味故事组-小布书手套,戴上手套，五个指头变成五只小动物。在手掌上演话剧，吸引孩子盯着看，诱导他们开口互动。,,
physical-equipment:emotional-regulation-box27-seq036-a,physical-equipment,emotional,equipment,趣味故事组-立体机关书,一翻开书里的画就弹起来，拉一下还能动。这种惊喜感能让不爱看书的孩子也愿意动手翻一翻。,,
physical-equipment:emotional-regulation-box28-seq037,physical-equipment,emotional,equipment,触觉平衡调节套件,把奇形怪状的木头石头叠高高，手一抖就倒。引导着孩子必须屏住呼吸静下心，专注力拉满。,,
physical-equipment:emotional-regulation-box29-seq038,physical-equipment,emotional,equipment,安静工具箱,不停地拧螺丝螺母，机械动作很解压。这种重复的旋转用力，能让躁动的身体迅速安静镇定。,,
physical-equipment:emotional-regulation-box30-seq039,physical-equipment,emotional,equipment,推理能力引导工具组,拨动珠子走迷宫，眼睛必须盯着手。用这种单一的目标任务，把孩子从情绪风暴里拉出来。,,
physical-equipment:fine-motor-box01-seq001,physical-equipment,sensory,equipment,多彩泥套件,捏一捏揉一揉，把泥巴变出各种形状。既练手指力气，软软的手感还能让孩子发脾气时心情变好。,,
physical-equipment:fine-motor-box01-seq002,physical-equipment,sensory,equipment,捏捏乐套件,使劲捏这个软球，看着它变形又变回来。孩子手痒想动时玩这个，既解压又能锻炼手掌的抓握力。,,
physical-equipment:fine-motor-box02-seq003,physical-equipment,sensory,equipment,扭扭乐,拿在手里不停地扭来扭去，怎么扭都顺手。上课坐不住时玩这个，能让焦躁的手安静下来，集中精神。,,
physical-equipment:fine-motor-box02-seq004,physical-equipment,sensory,equipment,柔感粒按握盒,用手指使劲按压盒子里的颗粒，像揉面团一样。专门帮握笔没劲、写字手抖的孩子练手劲，打好基础。,,
physical-equipment:fine-motor-box02-seq005,physical-equipment,sensory,equipment,流动感官调控板,晃动板子看里面的液体流来流去，非常漂亮。孩子烦躁时盯着看，心情马上变好，还能锻炼手腕灵活。,,
physical-equipment:fine-motor-box03-seq006,physical-equipment,sensory,equipment,块趣叠萌盒,把奇形怪状的积木叠高高，倒了也不怕。训练孩子手要稳、眼要准，锻炼手眼配合和空间想象力。,,
physical-equipment:fine-motor-box03-seq015,physical-equipment,sensory,equipment,视觉追踪靶,哪里亮灯点哪里，速度越来越快。像打地鼠一样刺激，训练孩子眼睛看得到、手指跟得上的反应能力。,,
physical-equipment:fine-motor-box04-seq007,physical-equipment,sensory,equipment,钓鱼乐,拿着鱼竿瞄准，要把晃动的小鱼钓上来。这需要手特别稳，眼睛盯着不放，还能学着轮流玩游戏。,,
physical-equipment:fine-motor-box05-seq008,physical-equipment,sensory,equipment,拼装拾取组,用手捡起石头排排队或者叠起来，手感很舒服。教孩子按颜色大小分类，在玩耍中学会数学逻辑。,,
physical-equipment:fine-motor-box06-seq009,physical-equipment,sensory,equipment,晶彩搭组,彩色透明积木在阳光下特别美，孩子喜欢拿起来看。用三个手指捏着搭城堡，锻炼抓握和辨别颜色。,,
physical-equipment:fine-motor-box07-seq010,physical-equipment,sensory,equipment,电子迷宫,拿着笔走迷宫，碰到边就会响，很刺激。逼着孩子手不能抖、心不能急，极度锻炼专注力和控笔能力。,,
physical-equipment:fine-motor-box07-seq011,physical-equipment,sensory,equipment,趣味闯关游戏组,拨开关、按按钮，像操作机器一样带球闯关。手指动个不停，脑子也得跟着转，锻炼手脑配合和逻辑。,,
physical-equipment:fine-motor-box08-seq012,physical-equipment,sensory,equipment,视觉追踪鱼,鱼儿转来转去，眼睛要紧紧盯着它，看准时机一把抓住。专门训练孩子眼睛追视能力和反应速度。,,
physical-equipment:fine-motor-box08-seq013,physical-equipment,sensory,equipment,彩虹叠叠乐,底座是摇晃的，往上叠圈圈可不容易。孩子必须控制好手劲，轻轻放才不会倒，锻炼耐心和控制力。,,
physical-equipment:fine-motor-box09-seq014,physical-equipment,sensory,equipment,萌趣小镇,把磁铁贴片拿起来贴在背景板上，拼出小镇故事。用手指捏贴片很练手，还能让孩子讲讲发生了什么。,,
physical-equipment:fine-motor-box10-seq016,physical-equipment,sensory,equipment,磁力画板,用磁力笔吸着珠子走，像写字一样运笔。既能画画又能练握笔姿势，让孩子以后写字手不累、线条直。,,
physical-equipment:fine-motor-box11-seq017,physical-equipment,sensory,equipment,拓扑球,把彩珠在球的轨道里推来推去，手感很好。这能锻炼手指的灵活度，也是孩子思考时的解压神器。,,
physical-equipment:fine-motor-box11-seq018,physical-equipment,sensory,equipment,狡猾的鱼,两手端着盘子晃动，眼睛盯着看，控制珠子在路径中滚动不掉出来。训练身体平衡和协调。,,
physical-equipment:fine-motor-box12-seq019,physical-equipment,sensory,equipment,综合平衡游戏平台,小心翼翼抽出一根棍子，不能碰倒其他的。这需要屏住呼吸、手指轻轻捏，锻炼极度的耐心和手稳。,,
physical-equipment:fine-motor-box13-seq020,physical-equipment,sensory,equipment,叠叠高,从积木塔里抽一块出来再叠上去，惊险又刺激。孩子得控制冲动慢动作操作，锻炼抗挫折能力和手稳。,,
physical-equipment:fine-motor-box14-seq021,physical-equipment,sensory,equipment,协调反应训练器,看着棍子掉下来，瞬间伸手抓住。这能训练孩子精神高度集中，眼睛和手配合得像闪电一样快。,,
physical-equipment:fine-motor-box14-seq022,physical-equipment,sensory,equipment,眼疾手快游戏组,棍子随机掉下来，看准了赶紧接住。让走神的孩子立马精神起来，极高强度地锻炼反应速度和专注力。,,
physical-equipment:fine-motor-box15-seq023,physical-equipment,sensory,equipment,多功能操作台,像修理工一样拧螺丝、用扳手。需要手腕转动和手指用力，锻炼孩子使用工具的能力和动手解决问题。,,
physical-equipment:fine-motor-box16-seq024,physical-equipment,sensory,equipment,面条操作台,用筷子夹起“面条”放到碗里，模拟做饭。专门教孩子怎么拿筷子、怎么用力，以后吃饭不用喂。,,
physical-equipment:fine-motor-box17-seq025,physical-equipment,sensory,equipment,逻辑工坊台,一只手拿螺丝，一只手拿起子，两手配合组装齿轮。让孩子明白机械原理，锻炼双手协作和逻辑思维。,,
physical-equipment:fine-motor-box18-seq026,physical-equipment,sensory,equipment,指趣动作游戏,用镊子把小毛球夹进试管里，按颜色分类。锻炼大拇指和食指的配合，为拿笔写字锻炼虎口力量。,,
physical-equipment:fine-motor-box19-seq027,physical-equipment,sensory,equipment,电动百变齿轮游戏,用电动钻头把齿轮装好，一按开关全转起来。强烈的震动反馈让手感很棒，锻炼空间搭建和因果认知。,,
physical-equipment:fine-motor-box20-seq028,physical-equipment,sensory,equipment,喂食游戏,用夹子夹起食物喂给小动物吃。让孩子在过家家中练习手指控制，顺便认识动物吃什么，培养爱心。,,
physical-equipment:fine-motor-box21-seq029,physical-equipment,sensory,equipment,夹珠子游戏,珠子圆溜溜的很滑，想夹起来可不容易。逼着孩子手指用力要准、注意力要集中，为自己吃饭打基础。,,
physical-equipment:fine-motor-box22-seq030,physical-equipment,sensory,equipment,情景模拟-交流辅具,按下按钮就能说话，结合图片表达想要什么。帮手部动作不灵活、无法说话的孩子轻松表达需求。,,
physical-equipment:fine-motor-box22-seq035,physical-equipment,sensory,equipment,声音标尺,捏着滑块上下移动，代表声音大小。用手部动作帮孩子理解什么是“大声”和“小声”，学会控制音量。,,
physical-equipment:fine-motor-box23-seq031,physical-equipment,sensory,equipment,生活操作板,拉拉链、扣扣子、系鞋带，板子上全都有。专门训练两只手怎么配合，解决孩子穿衣服慢、不会系的难题。,,
physical-equipment:fine-motor-box24-seq032,physical-equipment,sensory,equipment,多彩女孩,给立体的娃娃穿衣服、系扣子。比平面的板子更真实，让孩子在玩耍中学会怎么给自己穿衣服。,,
physical-equipment:fine-motor-box25-seq033,physical-equipment,sensory,equipment,多彩瓢虫,可爱的瓢虫身上有各种扣子和拉链。孩子喜欢抱着玩，不知不觉就学会了系扣子，提升生活自理能力。,,
physical-equipment:fine-motor-box26-seq034,physical-equipment,sensory,equipment,毛毛虫穿板,拿着绳子穿过一个个小洞，像缝衣服一样。锻炼孩子看准洞口、两手配合拉绳，能让孩子静坐很久。,,
physical-equipment:social-communication-box01-seq001,physical-equipment,social,equipment,视觉诱导-光纤棒,晃动发光棒吸引孩子目光，教他眼睛跟着光走。这是让孩子学会“看人”的第一步。,,
physical-equipment:social-communication-box01-seq002,physical-equipment,social,equipment,视觉诱导-多彩球,发光的球在眼前滚过，吸引孩子去追视。训练眼神不仅要盯着看，还要能灵活地转动寻找。,,
physical-equipment:social-communication-box02-seq003,physical-equipment,social,equipment,感官调节-耳罩,戴上它隔绝刺耳噪音，保护听觉敏感的孩子。防止因为太吵而发脾气或逃跑，安心待在人群里。,,
physical-equipment:social-communication-box02-seq004,physical-equipment,social,equipment,感官调节-冷静瓶,看着瓶子里的沙漏慢慢流下，心情也跟着平静。教孩子发脾气时盯着它看，学会自己冷静。,,
physical-equipment:social-communication-box03-seq005,physical-equipment,social,equipment,情绪认知-触觉解压球,四个球摸起来手感都不一样。捏一捏，感受软硬变化，帮助孩子通过触觉来分辨和发泄情绪。,,
physical-equipment:social-communication-box03-seq006,physical-equipment,social,equipment,情绪认知-木质互动组,像拼图一样拼出笑脸或哭脸。让孩子动手摸摸眼睛嘴巴的形状，明白“开心”长什么样。,,
physical-equipment:social-communication-box03-seq007,physical-equipment,social,equipment,情绪认知-悦知互动组,转动方块就能快速变脸。训练孩子一眼看懂别人的表情变化，知道对方是高兴还是生气。,,
physical-equipment:social-communication-box04-seq008,physical-equipment,social,equipment,基础沟通-主动沟通卡,卡片上画着常用的东西，想要什么就拿卡片换。帮不会说话的孩子主动表达需求，减少哭闹。,,
physical-equipment:social-communication-box04-seq009,physical-equipment,social,equipment,基础沟通-社交沟通场景组合,一步步教孩子怎么和人打交道。从被人叫名字有反应，到主动去找小朋友玩，全都有图示。,,
physical-equipment:social-communication-box05-seq010,physical-equipment,social,equipment,肢体模仿-协作器,两个人拉着弹力带一起动，你进我退。必须配合对方的节奏才能玩，训练身体默契和合作。,,
physical-equipment:social-communication-box05-seq011,physical-equipment,social,equipment,肢体模仿-趣动组合套,穿上装备互相追逐，在奔跑中学会遵守游戏规则。明白玩游戏要有分寸，不能撞人或耍赖。,,
physical-equipment:social-communication-box05-seq012,physical-equipment,social,equipment,肢体模仿-指引卡,看图做什么动作，或者听指令做动作。训练孩子听懂“举手、抬腿”这些话，并马上照着做。,,
physical-equipment:social-communication-box06-seq013,physical-equipment,social,equipment,规则建立-互动灯,红灯停绿灯行，把等待变得像游戏一样。解决孩子没耐心、不愿排队或轮流玩的难题。,,
physical-equipment:social-communication-box06-seq014,physical-equipment,social,equipment,规则建立-强化收纳罐,表现好就奖励一个币，攒够了换礼物。让孩子学会忍耐当下的诱惑，为了更大的目标去努力。,,
physical-equipment:social-communication-box07-seq015,physical-equipment,social,equipment,规则建立-身体语言组合卡,看图猜猜这个动作是什么意思。教孩子读懂别人的手势和姿态，明白没说出口的潜台词。,,
physical-equipment:social-communication-box07-seq016,physical-equipment,social,equipment,规则建立-声音标尺,把音量大小画在尺子上。让孩子一眼看懂在图书馆要小声，在操场可以大声，学会控制嗓门。,,
physical-equipment:social-communication-box08-seq017,physical-equipment,social,equipment,肢体互动-形言互动教具,一个比划一个猜，不许说话。逼着孩子用肢体动作去表达意思，学会站在别人的角度想办法。,,
physical-equipment:social-communication-box09-seq018,physical-equipment,social,equipment,肢体互动-稳取平衡组,小心地抽走木棍，不能让球掉下来。大家轮流玩，训练孩子耐心等待别人操作，控制冲动。,,
physical-equipment:social-communication-box10-seq019,physical-equipment,social,equipment,肢体互动-植序插拼组,把叶子插在树干上，比比谁插得稳。适合几个孩子坐在一起各玩各的，互不干扰但有陪伴。,,
physical-equipment:social-communication-box11-seq020,physical-equipment,social,equipment,策略游戏-速应协作游戏套,眼疾手快抢答题，紧张又刺激。让孩子习惯这种竞争氛围，输了不哭闹，赢了不骄傲。,,
physical-equipment:social-communication-box12-seq021,physical-equipment,social,equipment,策略游戏-追应互动游戏组,简单的猫抓老鼠游戏，轮流当猫和老鼠。让孩子明白玩游戏要守规矩，还要学会接受输赢。,,
physical-equipment:social-communication-box13-seq022,physical-equipment,social,equipment,策略游戏-棋盘组合,经典的下棋游戏，大家坐下来慢慢玩。能让孩子坐得住，学会思考下一步怎么走才能赢。,,
physical-equipment:social-communication-box14-seq023,physical-equipment,social,equipment,精细博弈-织创桌面协作组,比赛谁先把图形穿好线。在有干扰的比赛环境里，锻炼孩子专心致志做手头的事，不受影响。,,
physical-equipment:social-communication-box15-seq024,physical-equipment,social,equipment,精细博弈-叠叠高,积木越叠越高，随时会倒。即使倒了也要鼓励孩子重新来过，专门锻炼抗挫折能力和手稳。,,
physical-equipment:social-communication-box16-seq025,physical-equipment,social,equipment,精细博弈-半圆平衡,在摇晃的半圆上叠积木，更难更刺激。需要两只手配合好，还得动脑筋想办法保持平衡。,,
physical-equipment:social-communication-box17-seq026,physical-equipment,social,equipment,反应游戏-匹配游戏组,像侦探一样找线索，排除错误的找到正确的。训练孩子的逻辑推理能力，学会动脑筋。,,
physical-equipment:social-communication-box18-seq027,physical-equipment,social,equipment,反应游戏-数字沙包,大家一起扔沙包，边扔边认数字。把枯燥的学习变成集体运动，让孩子在互动中开心大叫。,,
physical-equipment:social-communication-box19-seq028,physical-equipment,social,equipment,反应游戏-专注力训练组,听到什么颜色敲什么颜色，反应要快。训练孩子控制住手，不乱敲乱打，听清楚指令再动。,,
physical-equipment:social-communication-box20-seq029,physical-equipment,social,equipment,社交距离-传声筒,两人拉开距离用传声筒说话。为了听清对方说什么，孩子必须学会提问和核对信息。,,
physical-equipment:social-communication-box21-seq030,physical-equipment,social,equipment,社交距离-脚垫丈量,站在脚垫上说话，直观地感受“太近了”或“太远了”。教孩子掌握和人说话的合适距离。,,
physical-equipment:social-communication-box21-seq031,physical-equipment,social,equipment,时间管理-可视化计时器,红色圆盘慢慢消失，时间看得见。告诉孩子还有多久结束，缓解他们对未知的焦虑感。,,
physical-equipment:social-communication-box22-seq032,physical-equipment,social,equipment,共同建构-协作创构积木组,两个人合伙搭一个作品，必须商量着来。逼着孩子开口和同伴沟通：“你拿这个，我拿那个”。,,
physical-equipment:social-communication-box23-seq033,physical-equipment,social,equipment,共同建构-互动桌游,两人拉着绳子控制球进洞，必须动作一致。训练孩子时刻关注同伴的动作，学会配合。,,
physical-equipment:social-communication-box24-seq034,physical-equipment,social,equipment,角色扮演-冰淇淋餐车,假装卖冰淇淋，练习买卖对话。让孩子在游戏里演练怎么打招呼、怎么排队、怎么付钱。,,
physical-equipment:social-communication-box25-seq035,physical-equipment,social,equipment,角色扮演-家园,摆弄农场里的小动物和人物，编故事玩。锻炼孩子讲故事的能力，想象小动物们在干什么。,,
physical-equipment:social-communication-box26-seq036,physical-equipment,social,equipment,竞争合作-趣食协作训练套,按下按钮青蛙就吃豆子，比比谁吃得多。简单的手指运动，让孩子享受单纯的比赛乐趣。,,
physical-equipment:social-communication-box27-seq037,physical-equipment,social,equipment,竞争合作-认知互动教具,沙漏在计时，要赶紧找到配对的卡片。全方位挑战眼力和脑力，锻炼快速反应和分类。,,
physical-equipment:social-communication-box28-seq038,physical-equipment,social,equipment,肢体协作-集体协作绳具,大家抓着同一根绳子一起走，感受集体的力量。让孤僻的孩子融入集体，步伐一致。,,
physical-equipment:social-communication-box28-seq039,physical-equipment,social,equipment,肢体协作-四人协作器,四个人互相抛接球，必须盯着球看。训练眼神追随，并时刻准备回应同伴的传球。,,
physical-equipment:social-communication-box29-seq040,physical-equipment,social,equipment,心智解读-心理画像,在透明板上画出心里想的样子。帮说不出来的孩子把情绪画出来，让老师看懂他的内心。,,
physical-equipment:social-communication-box29-seq041,physical-equipment,social,equipment,心智解读-归因推理,转转盘分析是“故意的”还是“不小心”。教孩子别总觉得别人针对自己，减少误会和冲突。,,
physical-equipment:social-communication-box29-seq042,physical-equipment,social,equipment,心智解读-视觉阻断屏风,挡住视线，猜猜对方看到了什么。教孩子明白：我看不到的东西，别人可能看得到。,,
physical-equipment:social-communication-box30-seq043,physical-equipment,social,equipment,心智解读-情绪认知教具,深入分析每种情绪是怎么来的，身体会有什么反应。帮孩子彻底搞懂情绪背后的原因。,,
physical-equipment:social-communication-box30-seq044,physical-equipment,social,equipment,心智解读-场景学习教具组,模拟如果发生冲突该怎么办。像彩排一样演练解决方法，以后遇到真事就知道后果了。,,
physical-equipment:social-communication-box30-seq045,physical-equipment,social,equipment,情景模拟-生活主题教具组,模拟超市、医院等生活场景。引导孩子说出符合场景的话，学会得体地应答。,,
physical-equipment:social-communication-box31-seq046,physical-equipment,social,equipment,情景模拟-场景化学习教具组,翻翻卡片，练习在不同场合该说什么。万能的话术模板，帮孩子应对各种突发社交状况。,,
physical-equipment:social-communication-box32-seq047,physical-equipment,social,equipment,情景模拟-亲子互动场景教具组,快速判断图片是不是同一类。训练孩子脑子转得快，灵活地切换思维，不再钻牛角尖。,,
physical-equipment:social-communication-box33-seq048,physical-equipment,social,equipment,情景模拟-创作场景教具组,用磁力贴编森林故事，随便怎么贴都行。鼓励孩子发挥想象力，讲出属于自己的奇妙故事。,,
physical-equipment:social-communication-box34-seq049,physical-equipment,social,equipment,情景模拟-进阶互动教具,教孩子怎么解释误会、怎么寻求帮助。提升自我保护意识，受委屈了知道怎么说。,,
physical-equipment:social-communication-box34-seq050,physical-equipment,social,equipment,情景模拟-交流辅具,按键就能发出“我要上厕所”的声音。给没有口语的孩子一个嘴巴，让他们也能表达意愿。,,
physical-equipment:soothing-aids-box01-seq001,physical-equipment,emotional,equipment,重力被,有重量的被子就像温暖拥抱，能让烦躁不安的孩子放松身体，减少床上翻动，安安稳稳睡个好觉。,,
physical-equipment:soothing-aids-box02-seq002,physical-equipment,emotional,equipment,重力毯,柔软且有重量的毛毯搭在身上，能快速安抚孩子激动的情绪，让他们瞬间找回踏实感，彻底放松下来。,,
physical-equipment:soothing-aids-box03-seq003,physical-equipment,emotional,equipment,重力肩带,沉甸甸压在肩膀上，能帮好动孩子坐得稳。上课戴着不显眼，却能有效减轻焦躁情绪，让他们安静专心听讲。,,
physical-equipment:soothing-aids-box04-seq004,physical-equipment,emotional,equipment,重力安抚熊,有重量的毛绒小熊抱在怀里，就像真人拥抱一样踏实。孩子害怕或发脾气时紧紧抱着它，心情就能很快平静。,,
physical-equipment:soothing-aids-box05-seq005,physical-equipment,emotional,equipment,包裹袜,弹力布筒把全身包裹起来，紧绷感能给孩子极大安全感，特别适合快速安抚大发脾气的孩子。,,
physical-equipment:soothing-aids-box06-seq006,physical-equipment,emotional,equipment,振动感官安抚拥抱枕,轻柔震动加上表面凸起的小颗粒，抱着它就像被人轻拍后背安慰，能快速让焦躁不安的孩子静下来。,,
physical-equipment:soothing-aids-box07-seq007,physical-equipment,emotional,equipment,感官安抚狗,会震动还会叫的毛绒小狗，能立刻吸引注意力。在好玩的互动中，不知不觉就让孩子忘了烦恼。,,
physical-equipment:soothing-aids-box08-seq008,physical-equipment,emotional,equipment,耳塞,不用塞进耳道的软耳塞，戴着舒服。它能过滤掉周围吵闹的噪音，让怕吵的孩子敢于走进人群。,,
physical-equipment:soothing-aids-box08-seq009,physical-equipment,emotional,equipment,耳罩,隔绝周围乱哄哄的声音，给怕吵的孩子戴上，就像进了安静的安全屋，防止他们因太吵而崩溃。,,
physical-equipment:soothing-aids-box09-seq010,physical-equipment,emotional,equipment,感官椅,坐上去摇摇晃晃的充气椅，像摇篮般舒服。有节奏的摇摆能让好动的孩子安静下来，踏实坐得住。,,
physical-equipment:soothing-aids-box10-seq011,physical-equipment,emotional,equipment,拉伸带,弹性特别大的布带，让坐不住的孩子在手里拉扯扭捏，不起眼地发泄多余精力，安静又专心。,,
physical-equipment:soothing-aids-box10-seq012,physical-equipment,emotional,equipment,流动感官调控板,闪闪发光的亮片在水里慢慢流动，看着非常解压。能吸引孩子专心盯着看，忘记烦躁，安静下来。,,
physical-equipment:soothing-aids-box11-seq013,physical-equipment,emotional,equipment,动态光影灯,彩色水母在水里轻柔游动，光线不刺眼。盯着它看，能让大发脾气的孩子慢慢放松入睡。,,
physical-equipment:soothing-aids-box12-seq014,physical-equipment,emotional,equipment,感官气泡管,管子里不停冒出均匀的气泡，看着特别有规律。这种视觉催眠能快速安抚情绪，让孩子彻底静下来。,,
physical-equipment:soothing-aids-box13-seq015,physical-equipment,emotional,equipment,龙卷风灯,打开开关水里就会出现变色的龙卷风。它能瞬间抓住走神孩子的眼球，让他们停止乱跑，专注观看。,,
physical-equipment:soothing-aids-box13-seq016,physical-equipment,emotional,equipment,律动灯,灯光会跟着音乐的节奏跳动闪烁。它把声音变成了可见的色彩，让互动游戏变得更加欢乐有趣。,,
physical-equipment:soothing-aids-box13-seq017,physical-equipment,emotional,equipment,动态烟火灯,贴墙上能闪出像放烟花一样的光，颜色随心换。它能满足爱看亮光的孩子，带来安全好玩的视觉享受。,,
physical-equipment:soothing-aids-box14-seq018,physical-equipment,emotional,equipment,星空投影互动,天花板上投出满天星空和水波纹，搭配哄睡音乐。房间变得非常静谧，专治孩子晚上害怕不敢睡觉。,,
physical-equipment:soothing-aids-box15-seq019,physical-equipment,emotional,equipment,安抚星,巴掌大的发光小星星，孩子能紧紧攥在手里。它就像护身符，拿着它走夜路也不怕黑，心里特踏实。,,
physical-equipment:soothing-aids-box15-seq021,physical-equipment,emotional,equipment,流沙安抚灯组,黑暗里会发光的小乌龟，摇一摇就会闪闪发亮。非常吸引孩子把玩，在好奇中放下防备，忘记怕黑。,,
physical-equipment:soothing-aids-box16-seq020,physical-equipment,emotional,equipment,呼吸安抚灯,软乎乎的小象，灯光会像呼吸般忽明忽暗。抱着它跟着节奏喘气，受惊吓的孩子就能快速冷静下来。,,
physical-equipment:soothing-aids-box17-seq022,physical-equipment,emotional,equipment,三色安抚灯,只有三色的简单小灯，光线柔和不刺眼。它操作极简，能给容易心烦意乱的孩子营造舒适休息角。,,
physical-equipment:soothing-aids-box18-seq023,physical-equipment,emotional,equipment,电光灯,手指摸到哪，神奇的闪电光就跟到哪。这种能控制光的魔法，能极大鼓励内向孩子主动伸手探索。,,
physical-equipment:soothing-aids-box19-seq024,physical-equipment,emotional,equipment,卫星安抚灯,带磁力的发光方块，可以像魔方一样拼接。同极相斥的阻力，能让死板的孩子学会转弯，动脑又动手。,,
physical-equipment:soothing-aids-box20-seq025,physical-equipment,emotional,equipment,光感静心安抚组,把发光小棍插进洞洞板拼图案，特别考验指尖准头。为了拼出发光画，孩子能一声不吭专注坐很久。,,
physical-equipment:soothing-aids-box21-seq026,physical-equipment,emotional,equipment,光纤安抚组,不发热的发光长线，孩子能抓在手里或披在身上。躲进这安全的彩光瀑布，是安抚大崩溃的终极武器。,,
physical-equipment:soothing-aids-box22-seq027,physical-equipment,emotional,equipment,情绪管理游戏,把惹人生气的事变成卡牌桌游。让孩子在游戏里演练怎么解决冲突，以后遇到真事就不容易挥拳头。,,
physical-equipment:soothing-aids-box22-seq028,physical-equipment,emotional,equipment,情感表达套装,一套教孩子表达不满和需求的游戏。通过抽卡演练，让遇事只会撒泼打滚的孩子，学会用嘴好好说话。,,
physical-equipment:soothing-aids-box23-seq029,physical-equipment,emotional,equipment,旋转戒指套装,外圈可以用拇指悄悄拨着转的小戒指。一点声音都没有，能让紧张或走神的孩子隐蔽地捏着解压。,,
physical-equipment:soothing-aids-box23-seq030,physical-equipment,emotional,equipment,回弹球,死死捏住软球再松开，能教孩子体会身体的放松。发火想打人时捏一捏，瞬间就能把脾气卸掉一半。,,
physical-equipment:soothing-aids-box24-seq031,physical-equipment,emotional,equipment,情绪互动套装,模拟惹毛孩子的糟心事走格子。让经不起挫折、爱摔东西的孩子在游戏里脱敏，以后不再轻易崩溃。,,
physical-equipment:soothing-aids-box25-seq032,physical-equipment,emotional,equipment,减压板,用笔戳着彩线画画会有轻微阻力。这能吸走孩子的无名火，用安静专心的画画代替烦躁抓狂。,,
physical-equipment:soothing-aids-box26-seq033,physical-equipment,emotional,equipment,恐龙压印玩具,厚实的软胶恐龙使劲捏都不坏。想搞破坏发泄时给孩子用力捏这个，能有效把破坏力变成安全感。,,
physical-equipment:soothing-aids-box26-seq034,physical-equipment,emotional,equipment,气泡运动计时器,慢悠悠滴落的液体沙漏，能让孩子看见时间。用来做冷静倒计时特别管用，盯着看一会儿就不气了。,,
physical-equipment:soothing-aids-box27-seq035,physical-equipment,emotional,equipment,感官帐篷,全黑的小帐篷能隔绝外面的吵闹。它给快要崩溃的孩子提供了一个能马上躲起来喘口气的安全窝。,,
physical-equipment:soothing-aids-box28-seq036,physical-equipment,emotional,equipment,感官枕头,枕头上有好几种布料供手闲不住的孩子抠摸搓揉。舒服的手感能稳住他们坐不住的身体，乖乖坐好。,,
physical-equipment:soothing-aids-box29-seq037,physical-equipment,emotional,equipment,安抚选项卡,当孩子气得不会说话时，让他看着图卡挑选想要的安抚玩具。用自己做主代替被动管教，更快顺气。,,
physical-equipment:soothing-aids-box29-seq038,physical-equipment,emotional,equipment,声音标尺,把音量大小变成能看到的尺子。让忍不住大喊大叫的孩子一眼看懂规矩，自觉管好嘴巴小声说话。,,
sensory-equipment:1,sensory-equipment,sensory,equipment,感官环,戴在手腕上随时摸摸不同的纹理，能帮敏感的孩子适应触觉刺激，让焦躁的心情变平静。,,
sensory-equipment:10,sensory-equipment,sensory,equipment,柔性人形感知组,转一转就能变出各种形状，像变魔术一样。这能让孩子手腕更灵活，脑子里也有立体图形。,,
sensory-equipment:11,sensory-equipment,sensory,equipment,分段式弯折感知组,用两个手指捏着玩弯折游戏，就像拔萝卜一样有趣。专门锻炼孩子拿东西的手势和准头。,,
sensory-equipment:12,sensory-equipment,sensory,equipment,多环嵌套感知组,弯一弯再直起来，动作特别简单。很适合刚开始学的孩子跟着老师做模仿，活动手指关节。,,
sensory-equipment:13,sensory-equipment,sensory,equipment,可扭转感知组,用力拉开会有“咔咔”的声音，还能接在一起。喜欢听怪声、手劲大的孩子玩这个最过瘾。,,
sensory-equipment:14,sensory-equipment,sensory,equipment,3D网式感知组,拿在手里不停地扭来扭去，一点声音都没有。孩子上课紧张或手痒时玩这个，解压不扰民。,,
sensory-equipment:15,sensory-equipment,sensory,equipment,3D翻转感知组,双手用力拉开这张网，看着它变形。拉扯时的阻力能让孩子感觉到肌肉发力，锻炼协调性。,,
sensory-equipment:16,sensory-equipment,sensory,equipment,立体构型组,既能指尖旋转又能按压，手感特别丰富。坐不住的孩子玩着它，就能安静下来不乱动了。,,
sensory-equipment:17,sensory-equipment,sensory,equipment,彩色连环感知组,不停地翻折这个方块，图案一直在变。孩子为了看新图案会一直动手，明白动手才有变化。,,
sensory-equipment:18,sensory-equipment,sensory,equipment,多触点旋转组,朝着不同方向拧这个方块，手指得灵活才行。能帮孩子分清上下左右，锻炼空间方向感。,,
sensory-equipment:19,sensory-equipment,sensory,equipment,桌游互动包,手伸进袋子里摸一摸，猜猜是什么形状。这能锻炼孩子只靠手感记东西，并试着说出来。,,
sensory-equipment:2,sensory-equipment,sensory,equipment,彩色感官组,让小手摸摸光滑或粗糙的石头，像探险一样分辨不同质感，让手指尖的感觉变得更灵敏。,,
sensory-equipment:20,sensory-equipment,sensory,equipment,触摸本,跟着书本去摸不同的东西，一边摸一边学“软的、硬的”这些词，让孩子能说出感觉。,,
sensory-equipment:21,sensory-equipment,sensory,equipment,多材质纹理感知组,光脚踩在不同纹理的垫子上，像探险一样。既能帮敏感的孩子适应触觉，又能练习走稳路。,,
sensory-equipment:22,sensory-equipment,sensory,equipment,立体形态感知组,手按在针板上印出手印，冰冰凉凉的很舒服。能控制孩子按压的力度，还能看到立体形状。,,
sensory-equipment:23,sensory-equipment,sensory,equipment,重力安抚器,有分量的小熊抱在怀里，就像妈妈的拥抱。孩子哭闹或者睡不着时抱着它，很快就安心了。,,
sensory-equipment:24,sensory-equipment,sensory,equipment,加权安抚感知组,比普通玩偶重很多的狐狸，压在腿上特别踏实。受惊吓或者感官超载时，它是最好的陪伴。,,
sensory-equipment:25,sensory-equipment,sensory,equipment,全身压力输入感官组,钻进这个弹力袋子里，全身被紧紧包裹着。这种挤压感能让崩溃大哭的孩子瞬间找回安全感。,,
sensory-equipment:26,sensory-equipment,sensory,equipment,振动热敷感知组,挂在脖子上会有轻微震动，像按摩一样舒服。考试紧张或者害怕时用它，身体马上就放松了。,,
sensory-equipment:27,sensory-equipment,sensory,equipment,木质机器人感知组,机器人的关节可以随便扭，摆出各种酷酷的姿势。需要两只手配合，锻炼手腕灵活度。,,
sensory-equipment:28,sensory-equipment,sensory,equipment,磁性切分操作组,拿刀切开水果，“咔嚓”一声特别爽。教孩子左手拿右手切，锻炼手眼配合，学习生活常识。,,
sensory-equipment:29,sensory-equipment,sensory,equipment,弹性建构感知组,颜色鲜艳的球有很多洞洞，小手容易抓得住。引导宝宝伸手去抓去捏，锻炼手部控制能力。,,
sensory-equipment:3,sensory-equipment,sensory,equipment,触觉认知拓扑球,使劲捏这个拓扑球，手指越用力越能感觉到反馈，能帮孩子发泄多余精力，让大脑清醒点。,,
sensory-equipment:30,sensory-equipment,sensory,equipment,嗅觉认知组件,这个假水果配合香片一起闻，让孩子闻味道找水果，把鼻子和眼睛配合起来，增强记忆力。,,
sensory-equipment:31,sensory-equipment,sensory,equipment,香包组件,闻闻香包猜猜是哪种花，把一样的味道分在一起。能锻炼鼻子灵敏度，还能唤起嗅觉记忆。,,
sensory-equipment:32,sensory-equipment,sensory,equipment,香薰,闻闻不同的精油味道，有的让人精神，有的让人放松。扩展孩子的嗅觉经验，调节心情。,,
sensory-equipment:33,sensory-equipment,sensory,equipment,仿真面包,看着像面包，闻着也像面包。教孩子把气味和物品对上号，学会叫出生活中食物的名字。,,
sensory-equipment:34,sensory-equipment,sensory,equipment,嗅觉本,跟着书本做游戏，一边闻一边学着说“香的、臭的”。让孩子学会用语言描述闻到的味道。,,
sensory-equipment:35,sensory-equipment,sensory,equipment,味觉套装,安全地尝一点酸甜苦咸，让挑食的孩子适应不同味道。学会分辨味道，不再抗拒新食物。,,
sensory-equipment:36,sensory-equipment,sensory,equipment,味觉本,按照书里的步骤去尝味道，教孩子说出“好酸、好甜”。把吃东西的感觉变成话语说出来。,,
sensory-equipment:37,sensory-equipment,sensory,equipment,色彩感知组,看着卡片上的颜色，把小棍插到鳄鱼背上。既要认准颜色，手还要插得准，锻炼眼手配合。,,
sensory-equipment:38,sensory-equipment,sensory,equipment,色彩流动输入组,看着亮光里的水流旋转上升，非常吸引眼球。孩子做对任务时给看这个，是最好的奖励。,,
sensory-equipment:39,sensory-equipment,sensory,equipment,星光影感知组,关上灯，找找墙上的星星都在哪。让孩子不再怕黑，还能锻炼眼睛在暗处找东西的能力。,,
sensory-equipment:4,sensory-equipment,sensory,equipment,多角形压力调节组,星星角捏起来软硬适中，孩子心烦时使劲揉搓它，既能把坏情绪发泄掉，又能锻炼手指头。,,
sensory-equipment:40,sensory-equipment,sensory,equipment,视觉本,跟着书本找不同、找规律。教孩子学会仔细观察，不再看东西走马观花，提升观察力。,,
sensory-equipment:41,sensory-equipment,sensory,equipment,动态分层视觉组,看着沙漏一点点流完，孩子就明白“五分钟”是多久了。既能练专注，又能学会等待。,,
sensory-equipment:42,sensory-equipment,sensory,equipment,手持星星,手里拿着发光的星星，走到哪亮到哪。训练孩子眼睛盯着光走，锻炼在暗处的视觉定位。,,
sensory-equipment:43,sensory-equipment,sensory,equipment,七彩渐变感知组,柔和的月亮光会变色，拿着它在黑屋子里探索。能让怕黑的孩子有安全感，锻炼视觉追踪。,,
sensory-equipment:44,sensory-equipment,sensory,equipment,光影建构视觉模块,透光的彩色积木搭在一起，阳光一照特别美。让孩子认识颜色叠加，还能练习搭高高。,,
sensory-equipment:45,sensory-equipment,sensory,equipment,手持式光影感官调控板,晃一晃，里面的亮片液体就流动起来。孩子烦躁时盯着它看，心跳就能慢慢平复下来。,,
sensory-equipment:46,sensory-equipment,sensory,equipment,节奏感知听觉训练组,敲敲打打听不同的声音，跟着节奏摇摆。大家一起玩乐器，能让孩子学会配合别人。,,
sensory-equipment:47,sensory-equipment,sensory,equipment,多感官听觉感知组,上下翻转，里面的珠子滚过迷宫声音很清脆。吸引孩子竖起耳朵听，锻炼专注力和抓握。,,
sensory-equipment:48,sensory-equipment,sensory,equipment,分层听觉感知单元,慢慢倾斜，闭上眼听就像下雨的声音。这种白噪音能让孩子安静下来，培养听觉想象力。,,
sensory-equipment:49,sensory-equipment,sensory,equipment,听觉本,跟着书本玩听声音游戏，分辨是大声还是小声。教孩子学会听指令，锻炼耳朵的敏锐度。,,
sensory-equipment:5,sensory-equipment,sensory,equipment,色彩流变感知组,一捏里面的液体就会流动变色，好看又好玩。孩子盯着看一会儿，哭闹的注意力就被转移了。,,
sensory-equipment:50,sensory-equipment,sensory,equipment,多频听觉敲击单元,敲不同的琴键声音不一样，让孩子明白动作带来声音。敲敲打打还能锻炼手臂的大动作。,,
sensory-equipment:51,sensory-equipment,sensory,equipment,视听联动表达组,对着镜子说话还能录音，看见自己的口型，听见自己的声音。专门帮孩子练习开口说话。,,
sensory-equipment:52,sensory-equipment,sensory,equipment,听觉辨别组,使劲吹气就能发出动物叫声，好玩又能练肺活量。锻炼嘴巴肌肉，为以后说话打基础。,,
sensory-equipment:53,sensory-equipment,sensory,equipment,包裹本体觉感知单元,像豌豆一样挤在这个充气船里，身体被紧紧包住。这种挤压感能给孩子极大的安全感。,,
sensory-equipment:54,sensory-equipment,sensory,equipment,颗粒大龙球,骑在这个大花生球上摇晃，表面还有按摩颗粒。能锻炼孩子的腰腹力量，帮他们坐得稳。,,
sensory-equipment:55,sensory-equipment,sensory,equipment,重力弹跳感知单元,抓着手柄蹦蹦跳跳，这需要很好的平衡能力。能消耗多余精力，还能锻炼全身的协调性。,,
sensory-equipment:56,sensory-equipment,sensory,equipment,触觉-本体觉联动游戏衣,互相追逐去揪对方的尾巴，跑来跑去很开心。锻炼孩子跑动平衡，还能学会和小伙伴玩。,,
sensory-equipment:57,sensory-equipment,sensory,equipment,表情游戏组,拼出哭、笑、生气的脸，教孩子看懂别人的表情。学会察言观色，知道别人是开心还是难过。,,
sensory-equipment:58,sensory-equipment,sensory,equipment,猫捉老鼠桌游,听到指令赶紧抓或赶紧跑，比谁反应快。这能治孩子冲动的毛病，学会听指挥和守规矩。,,
sensory-equipment:59,sensory-equipment,sensory,equipment,百变结构组,转动一个齿轮，所有的都跟着转，太神奇了。让孩子明白因果关系，锻炼动脑逻辑能力。,,
sensory-equipment:6,sensory-equipment,sensory,equipment,双位按压反馈组,按下去“啵”的一声特别解压，手闲不住的孩子一直按这个，上课就不容易走神或捣乱了。,,
sensory-equipment:60,sensory-equipment,sensory,equipment,指令游戏组,扔大骰子决定做什么动作或拿几个东西。让大家轮流玩，学会遵守游戏规则和认识数字。,,
sensory-equipment:61,sensory-equipment,sensory,equipment,小熊乐乐,给小熊拉拉链、系扣子、绑鞋带。把手练巧了，以后孩子就能自己穿衣服，不用家长帮。,,
sensory-equipment:62,sensory-equipment,sensory,equipment,枕头安安,枕头上有插扣和响球，专门给手闲不住的孩子玩。锻炼手指力量，需要两只手配合才能玩。,,
sensory-equipment:63,sensory-equipment,sensory,equipment,发声感官启智配对豆包,摸起来手感不同，捏一下还会响。让孩子一边摸形状一边听声音，全面锻炼感觉统合能力。,,
sensory-equipment:7,sensory-equipment,sensory,equipment,慢回弹压力缓解组,软乎乎的包子随便怎么捏都能变回原样，孩子发脾气想撒气时就捏它，安全又练手劲儿。,,
sensory-equipment:8,sensory-equipment,sensory,equipment,彩色波纹伸缩组,一扔出去瞬间变大，收回来又变小。神奇的变形能吸引孩子一直玩，锻炼眼睛盯着物体看。,,
sensory-equipment:9,sensory-equipment,sensory,equipment,多向伸缩感知组,把小人的手脚扭来扭去摆造型，既练手劲又好玩。看着小人的笑脸，还能教孩子认识表情。,,
sensory-game:1,sensory-game,sensory,game,颜色配对,识别和匹配不同颜色，提升视觉辨别能力,,
sensory-game:2,sensory-game,sensory,game,形状识别,识别基本几何形状，提升图形认知,,
sensory-game:3,sensory-game,sensory,game,物品配对,识别日常物品，提升视觉联想能力,,
sensory-game:4,sensory-game,sensory,game,视觉追踪,追踪移动目标，训练视觉注意力和平滑 pursuit,,
sensory-game:5,sensory-game,sensory,game,声音辨别,辨别不同音调，提升听觉敏锐度,,
sensory-game:6,sensory-game,sensory,game,听指令做动作,根据语音指令选择正确选项，训练听觉理解,,
sensory-game:7,sensory-game,sensory,game,节奏模仿,听节奏并模仿拍打，训练听觉序列记忆,,
